Active?,Middle East and North Africa,Region within MENA,Country,Think Tank Name,Think Tank Affiliation,Ideology,Country (Physical),City (Physical),Region (Physical),Coordinates,Street Address (unused)
TRUE,Middle East and North Africa,Middle East,Bahrain,Bahrain Businesswomen's Society,Foreign,Liberal,,,,,
TRUE,Middle East and North Africa,Middle East,Bahrain,Bahrain Center for Human Rights,Independent,Liberal,,,,,
TRUE,Middle East and North Africa,Middle East,Bahrain,Bahrain Centre for Studies and Research,Governmental,,,,,,
TRUE,Middle East and North Africa,Middle East,Bahrain,Bahrain Human Rights Watch Society,Foreign,Liberal,,,,,
TRUE,Middle East and North Africa,Middle East,Bahrain,Bahrain Institute for Political Development,Governmental,Liberal,,,,,
TRUE,Middle East and North Africa,Middle East,Bahrain,Bahrain Society for Strategic Planning,Independent,Non-Partisan,,,,,
TRUE,Middle East and North Africa,Middle East,Bahrain,Bahrain Women Association for Human Development,Independent,Liberal,,,,,
FALSE,Middle East and North Africa,Middle East,Bahrain,Bahrain Young Ladies Association,,,,,,,
TRUE,Middle East and North Africa,Middle East,Bahrain,DERASAT: Bahrain Center for Strategic International and Energy Studies,Independent,Non-Partisan,,,,,
TRUE,Middle East and North Africa,Middle East,Bahrain,Economic Development Board Bahrain,Foreign,Non-Partisan,,,,,
TRUE,Middle East and North Africa,Middle East,Bahrain,International Peace Institute,Independent,Liberal,,,,,
TRUE,Middle East and North Africa,Middle East,Bahrain,National Institute for Human Rights,Foreign,Lberal,,,,,
TRUE,Middle East and North Africa,Middle East,Palestine,Al Shabaka- The Palestinian Policy Network,Independent,Liberal,,,,,
TRUE,Middle East and North Africa,Middle East,Palestine,Al-Mustakbal Foundation for Strategic and Policy Studies,Independent,Non-Partisan,,,,,
TRUE,Middle East and North Africa,Middle East,Palestine,Al-Zaytouna Centre for Studies and Consultations,Independent,Liberal,,,,,
TRUE,Middle East and North Africa,Middle East,Palestine,Applied Research Institute-Jerusalem,Independent,Non-Partisan,,,,,
TRUE,Middle East and North Africa,Middle East,Palestine,Arab Thought Forum,Independent,Liberal,,,,,
TRUE,Middle East and North Africa,Middle East,Palestine,Asala: Palestinian Businesswomen's Association,Independent,Liberal,,,,,
TRUE,Middle East and North Africa,Middle East,Palestine,Center for Palestine Research and Studies,Independent,,,,,,
TRUE,Middle East and North Africa,Middle East,Palestine,Contemporary Center for Studies and Policy Analysis ,,,,,,,
TRUE,Middle East and North Africa,Middle East,Palestine,Geneva Center for the Democratic Control of Armed Forces,Independent,Liberal,,,,,
TRUE,Middle East and North Africa,Middle East,Palestine,Health Development Information and Policy Institute,Independent,Non-Partisan,,,,,
TRUE,Middle East and North Africa,Middle East,Palestine,Holy Land Trust,Independent,Non-Partisan,,,,,
TRUE,Middle East and North Africa,Middle East,Palestine,Institute for Development Studies,Independent,Non-Partisan,,,,,
TRUE,Middle East and North Africa,Middle East,Palestine,Institute of Palestine Studies,Independent,Liberal,,,,,
TRUE,Middle East and North Africa,Middle East,Palestine,Israel-Palestine: Creative Regional Initiatives (IPCRI),Independent,Non-Partisan,,,,,
TRUE,Middle East and North Africa,Middle East,Palestine,Issam Sartawi Center for the Advancement of Peace and Democracy,University,Liberal,,,,,
FALSE,Middle East and North Africa,Middle East,Palestine,Jerusalem Center for Social and Economic Rights,,Conservative,,,,,
TRUE,Middle East and North Africa,Middle East,Palestine,Land Research Center,Independent,Non-Partisan,,,,,
TRUE,Middle East and North Africa,Middle East,Palestine,MA’AN Center,Independent,Liberal,,,,,
FALSE,Middle East and North Africa,Middle East,Palestine,Middle East Institute for Development,,,,,,,
TRUE,Middle East and North Africa,Middle East,Palestine,Miftah: Palestinian Iniatitive for the Promotion of Global Dialogue and Democracy,Independent,Conservative,,,,,
TRUE,Middle East and North Africa,Middle East,Palestine,Muwatin Palestinian Institute for the Study of Democracy,Independent,Liberal,,,,,
TRUE,Middle East and North Africa,Middle East,Palestine,Palestine Academy for Science and Technology,Independent,Non-Partisan,,,,,
TRUE,Middle East and North Africa,Middle East,Palestine,Palestine Economic Policy Research Institute- MAS,Independent,Non-Partisan,,,,,
FALSE,Middle East and North Africa,Middle East,Palestine,Palestine Energy and Environment Research Center,,,,,,,
TRUE,Middle East and North Africa,Middle East,Palestine,Palestinian Academic Society for the Study of International Affairs,Independent,Liberal,,,,,
TRUE,Middle East and North Africa,Middle East,Palestine,Palestinian Businessmen Association,Independent,Non-Partisan,,,,,
TRUE,Middle East and North Africa,Middle East,Palestine,Palestinian Center for Policy and Survey Research,Independent,Liberal,,,,,
FALSE,Middle East and North Africa,Middle East,Palestine,Palestinian Center for Regional Studies,,,,,,,
TRUE,Middle East and North Africa,Middle East,Palestine,Palestinian Counseling Center,Independent,Non-Partisan,,,,,
TRUE,Middle East and North Africa,Middle East,Palestine,Palestinian Curriculum Development Center,Foreign,Non-Partisan,,,,,
FALSE,Middle East and North Africa,Middle East,Palestine,Palestinian Economists Association,,,,,,,
TRUE,Middle East and North Africa,Middle East,Palestine,Pal-Think for Strategic Studies,Independent,Liberal,,,,,
TRUE,Middle East and North Africa,Middle East,Palestine,Peace Research Institute in the Middle East,Independent,Non-Partisan,,,,,
TRUE,Middle East and North Africa,Middle East,Palestine,The House Of Wisdom Institution For Conflict Resolution & Governance,Foreign,Conservative,,,,,
TRUE,Middle East and North Africa,Middle East,Palestine,The Palestinian Centre for Peace and Democracy,Independent,Liberal,,,,,
TRUE,Middle East and North Africa,Middle East,Palestine,Ramallah Center for Human Rights Studies,Independent,Liberal,,,,,
TRUE,Middle East and North Africa,Middle East,Qatar,Al Jazeera Center for Studies,Independent,Non-Partisan,,,,,
TRUE,Middle East and North Africa,Middle East,Qatar,Brookings Doha Center,Independent,Non-Partisan,,,,,
TRUE,Middle East and North Africa,Middle East,Qatar,Center for International and Regional Studies- Georgetown University,University,Non-Partisan,,,,,
TRUE,Middle East and North Africa,Middle East,Qatar,Doha Center for Media Freedom,Independent,Liberal,,,,,
TRUE,Middle East and North Africa,Middle East,Qatar,Doha International Family Institute,Quasi-Independent,Non-Partisan,,,,,
TRUE,Middle East and North Africa,Middle East,Qatar,Education Development Institute,Quasi-Independent,Non-Partisan,,,,,
TRUE,Middle East and North Africa,Middle East,Qatar,Institute of Administrative Development,Governmental,Non-Partisan,,,,,
TRUE,Middle East and North Africa,Middle East,Qatar,Qatar Environment and Energy Research Institute,University,Non-Partisan,,,,,
TRUE,Middle East and North Africa,Middle East,Qatar,Qatar Foundation,Foreign,Non-Partisan,,,,,
FALSE,Middle East and North Africa,Middle East,Qatar,Qatar Foundation for Combating Human Trafficking,,Non-Partisan,,,,,
FALSE,Middle East and North Africa,Middle East,Qatar,RAND-Qatar Policy Institute,,,,,,,
TRUE,Middle East and North Africa,Middle East,Qatar,RUSI Qatar,Independent,Non-Partisan,,,,,
TRUE,Middle East and North Africa,Middle East,Qatar,The Arab Center for Research and Policy ,Independent,Non-Partisan,,,,,
TRUE,Middle East and North Africa,Middle East,Qatar,The Social and Economic Survey Research Institute,University,Non-Partisan,,,,,
TRUE,Middle East and North Africa,Middle East,Saudi Arabia,Al-Aghar Group,Independent,Non-Partisan,,,,,
TRUE,Middle East and North Africa,Middle East,Saudi Arabia,Arabian Gulf Center for Iranian Studies,Independent,Conservative,,,,,
TRUE,Middle East and North Africa,Middle East,Saudi Arabia,Arab Urban Development Institute,Independent,Non-Partisan,,,,,
TRUE,Middle East and North Africa,Middle East,Saudi Arabia,Gulf Research Center,Independent,Non-Partisan,,,,,
TRUE,Middle East and North Africa,Middle East,Saudi Arabia,King Abdullah Petroleum Studies and Research Center,Independent,Non-Partisan,,,,,
TRUE,Middle East and North Africa,Middle East,Saudi Arabia,King Faisal Center for Research and Islamic Studies,Quasi-Independent,Non-Partisan,,,,,
TRUE,Middle East and North Africa,Middle East,Saudi Arabia,King Faisal Foundation,Quasi-Independent,Non-Partisan,,,,,
TRUE,Middle East and North Africa,Middle East,Saudi Arabia,Saudi Association for Energy Economics,Independent,Non-Partisan,,,,,
TRUE,Middle East and North Africa,Middle East,Saudi Arabia,The King Salman Center for Local Governance,University,Non-Partisan,,,,,
TRUE,Middle East and North Africa,Middle East,Syria,Aga Khan Development Network,Independent,Non-Partisan,,,,,
FALSE,Middle East and North Africa,Middle East,Syria,Arab Center for Strategic Studies,,,,,,,
TRUE,Middle East and North Africa,Middle East,Syria,Arab Center for the Studies of Arid Zones and Dry Lands,Independent,Non-Partisan,,,,,
TRUE,Middle East and North Africa,Middle East,Syria,Damascus Center for Theoretical and Civil Rights Studies,Independent,Liberal,,,,,
TRUE,Middle East and North Africa,Middle East,Syria,Committees for the Defense of Democracy Freedoms and Human Rights in Syria,Independent,Liberal,,,,,
TRUE,Middle East and North Africa,Middle East,Syria,International Center for Agricultural Research in the Dry Area,Independent,Non-Partisan,,,,,
TRUE,Middle East and North Africa,Middle East,Syria,Syrian Center for Media and Freedom of Expression,Independent,Liberal,,,,,
TRUE,Middle East and North Africa,Middle East,Syria,Syrian Center for Policy Research,Independent,Non-Partisan,,,,,
TRUE,Middle East and North Africa,Middle East,Syria,Syrian Consulting Bureau for Development and Investment,Independent,Non-Partisan,,,,,
TRUE,Middle East and North Africa,Middle East,Syria,The Arab-European Center of Human Rights and International Law,Independent,Liberal,,,,,
FALSE,Middle East and North Africa,Middle East,Iraq,Larsa Center for Legal Studies Programming and Human Rights,,,,,,,
FALSE,Middle East and North Africa,Middle East,Iraq,Al–Forat for Development and Studies Center,,,,,,,
FALSE,Middle East and North Africa,Middle East,Iraq,Al-Rafidain Center for Ensuring Human Right,,,,,,,
FALSE,Middle East and North Africa,Middle East,Iraq,Badlisy Cultural Center,,,,,,,
FALSE,Middle East and North Africa,Middle East,Iraq, Baghdad Economic and Banking Forum,,,,,,,
FALSE,Middle East and North Africa,Middle East,Iraq,Baghdad Economic Research Center,,,,,,,
FALSE,Middle East and North Africa,Middle East,Iraq,Baghdad Institute,,,,,,,
TRUE,Middle East and North Africa,Middle East,Iraq,Civil Society Initiative CSI,Foreign,Liberal,Iraq,Sulaimaniya,Kurdistan,,
TRUE,Middle East and North Africa,Middle East,Iraq,Hamourabi Human Rights Organization ,Independent,Liberal,Iraq,Baghdad,,,
TRUE,Middle East and North Africa,Middle East,Iraq,House of Wisdom,Religious,Liberal,,,,,
FALSE,Middle East and North Africa,Middle East,Iraq,Inda Network for Elections Monitoring ,,,,,,,
TRUE,Middle East and North Africa,Middle East,Iraq,Iraq Foundation,Foreign,Liberal,America,Washington,District of Colombia, 38 54 25.523 N 77 1 58.762 E,1420 N St NW #102 Washington DC 20005 USA
FALSE,Middle East and North Africa,Middle East,Iraq,Iraq Foundation for Development and Democracy,,,,,,,
TRUE,Middle East and North Africa,Middle East,Iraq,Iraq Journalists Right Defence Association,Independent,Liberal,Iraq,Baghdad,,,
TRUE,Middle East and North Africa,Middle East,Iraq,Iraqi Al Amal Association,Independent,Liberal,Kirkuk,Iraq,Kurdistan,,
TRUE,Middle East and North Africa,Middle East,Iraq,Iraqi Center for Human Rights and Democracy Development,Foreign,Liberal,Iraq,Sulaimaniya,Kurdistan,,Ministry of Health Sulaimanya Iraq
FALSE,Middle East and North Africa,Middle East,Iraq,Iraqi Center for Research and Strategic Studies,,,,,,,
FALSE,Middle East and North Africa,Middle East,Iraq,Iraqi Center for Research and Studies,,,,,,,
FALSE,Middle East and North Africa,Middle East,Iraq,Iraqi Center for Strategic Studies,,,,,,,
FALSE,Middle East and North Africa,Middle East,Iraq,Iraqi Economy Development Center,,,,,,,
TRUE,Middle East and North Africa,Middle East,Iraq,Iraqi Election Information Network,Independent,Liberal,Baghdad,Iraq,,,
FALSE,Middle East and North Africa,Middle East,Iraq,Iraqi Institute for Democracy,,,,,,,
FALSE,Middle East and North Africa,Middle East,Iraq,Iraqi Institute for Economic Reform (IIER),,,,,,,
FALSE,Middle East and North Africa,Middle East,Iraq,Iraqi Kurdistan NGO Network,,,,,,,
FALSE,Middle East and North Africa,Middle East,Iraq,Iraqi Network for Human Rights Culture & Development,,,,,,,
FALSE,Middle East and North Africa,Middle East,Iraq,Iraqi Organization for Human Rights Coordination ,,,,,,,
FALSE,Middle East and North Africa,Middle East,Iraq,Kurdish Institute for Elections,,,,,,,
TRUE,Middle East and North Africa,Middle East,Iraq,Legal Defense Council,University,Liberal,Iraq,Sulaimaniya,Kurdistan, 35 34 35.183 N 45 20 18.218 E,Sulaimani - Kirkuk Rd Sulaymaniyah Iraq
TRUE,Middle East and North Africa,Middle East,Iraq,NGO Coordination Committee in Iraq,Foreign,Liberal,Geneva,Switzerland,,45 13 47.516 N 6 7 42.85 E,Route de Ferney 150 1218 Grand-Saconnex Geneva Switzerland
FALSE,Middle East and North Africa,Middle East,Iraq,Shams Network for Election Monitoring,,,,,,,
FALSE,Middle East and North Africa,Middle East,Cyprus,Centre for World Dialogue,,,,,,,
FALSE,Middle East and North Africa,Middle East,Cyprus,Civilitas Research,,,,,,,
FALSE,Middle East and North Africa,Middle East,Cyprus,Cyprus Center for European and International Affairs,,,,,,,
FALSE,Middle East and North Africa,Middle East,Cyprus,Cyprus Institute of Mediterranean European and International Studies,,,,,,,
FALSE,Middle East and North Africa,Middle East,Cyprus,Cyprus Research Institute,,,,,,,
FALSE,Middle East and North Africa,Middle East,Cyprus,European Institute of Cyprus,,,,,,,
FALSE,Middle East and North Africa,Middle East,Yemen,National Center for Human Rights & Democratic Development  ,,,,,,,
FALSE,Middle East and North Africa,Middle East,Yemen,National Organization for Defending Rights & Freedoms,,,,,,,
FALSE,Middle East and North Africa,Middle East,Yemen,National Organization for Development of Society,,,,,,,
FALSE,Middle East and North Africa,Middle East,Yemen,Sheba Center for Strategic Studies,,,,,,,
FALSE,Middle East and North Africa,Middle East,Yemen,Sisters' Arab Forum for Human Rights,,,,,,,
FALSE,Middle East and North Africa,Middle East,Yemen,The Women's Forum for Research and Training  ,,,,,,,
FALSE,Middle East and North Africa,Middle East,Yemen,Yemen 21 Forum,,,,,,,
FALSE,Middle East and North Africa,Middle East,Yemen,Yemen Organization for Defense of Human Rights,,,,,,,
TRUE,Middle East and North Africa,Middle East,Yemen,Yemen Polling Center,Corporate,Liberal,Saana,Yeman,,15 20 22.664 N 44 11 58.855 E,5th Floor Qatar National Bank Building Alzubairi St.  Sanaa Repunlic of Yemen
FALSE,Middle East and North Africa,Middle East,Yemen,Yemeni Institute for Development of Democracy,,,,,,,
TRUE,Middle East and North Africa,Middle East,Yemen,Yemeni Observatory for Human Rights,Independent,Liberal,Saana,Yeman,,,
FALSE,Middle East and North Africa,Middle East,Yemen,Yemeni Organization for the Defense of Rights and Democratic Freedoms,,,,,,,
TRUE,Middle East and North Africa,North Africa,Egypt,Al-Ahram Center for Political and Strategic Studies,,,,,,,
TRUE,Middle East and North Africa,North Africa,Egypt,Alexandria University Desalition Studies and Technology Center,Governmental ,Conservative ,,,,,
TRUE,Middle East and North Africa,North Africa,Egypt,Al-Mishkat Center for Research,University,Non-partisian ,,,,,
TRUE,Middle East and North Africa,North Africa,Egypt,Al-Qarar Consulting Center,Independent,Conservative ,,,,,
TRUE,Middle East and North Africa,North Africa,Egypt,Arab Forum for Alternatives (AFE),Corporate,Non-partisian ,,,,,
TRUE,Middle East and North Africa,North Africa,Egypt,Arab Reform Forum at the Bibliotheca Alexandrina,Independent,Liberal,,,,,
TRUE,Middle East and North Africa,North Africa,Egypt,Arab Women Organization,Governmental ,Liberal ,,,,,
TRUE,Middle East and North Africa,North Africa,Egypt,Association of Public Policy Analysis,Independent,Liberal ,,,,,
TRUE,Middle East and North Africa,North Africa,Egypt,Cairo Demographic Center,Independent ,Liberal ,,,,,
TRUE,Middle East and North Africa,North Africa,Egypt,Cairo Institute for Human Rights Studies,Government,Non-partisian,,,,,
TRUE,Middle East and North Africa,North Africa,Egypt,Cairo Center for Conflict Resolution and Peace Keeping in Africa,Independent,Liberal ,,,,,
TRUE,Middle East and North Africa,North Africa,Egypt,Center for Agricultural and Economic Studies,Governmental,Liberal,,,,,
TRUE,Middle East and North Africa,North Africa,Egypt,Center for Developing Country Studies,University,Liberal ,,,,,
TRUE,Middle East and North Africa,North Africa,Egypt,Center for Economic and Financial Research and Studies,University,Liberal,,,,,
TRUE,Middle East and North Africa,North Africa,Egypt,Center for Political Research and Studies,University,Non-partisian ,,,,,
TRUE,Middle East and North Africa,North Africa,Egypt,Centre for Studies and Documentation for Economic  Legal and Social,University,Non-partisian ,,,,,
TRUE,Middle East and North Africa,North Africa,Egypt,Desert Development Center,Government Foreign,Liberal ,,,,,
TRUE,Middle East and North Africa,North Africa,Egypt,Economic Research Forum,University Foreign,Non-partisian ,,,,,
TRUE,Middle East and North Africa,North Africa,Egypt,Egyptian Association for Training and Human Rights,Independent,Liberal ,,,,,
TRUE,Middle East and North Africa,North Africa,Egypt,Egyptian Center for Economic Studies,Foreign,Liberal ,,,,,
TRUE,Middle East and North Africa,North Africa,Egypt,Egyptian Center for Public Policy Studies ,Independent,Liberal,,,,,
TRUE,Middle East and North Africa,North Africa,Egypt,Egyptian Center for Women's Rights,Independent,Non-Partisan ,,,,,
TRUE,Middle East and North Africa,North Africa,Egypt,Egyptian Council for Foreign Affairs,Independent,Liberal ,,,,,
TRUE,Middle East and North Africa,North Africa,Egypt,Ibn Khaldun Center for Development Studies,Independent,Conservative ,,,,,
TRUE,Middle East and North Africa,North Africa,Egypt,Information and Decision Support Center,Independent,Liberal ,,,,,
TRUE,Middle East and North Africa,North Africa,Egypt,Institute of African Research and Studies,Government,Conservative ,,,,,
TRUE,Middle East and North Africa,North Africa,Egypt,Institute of Arab Research and Studies,University,Non-partisian ,,,,,
TRUE,Middle East and North Africa,North Africa,Egypt,Institute of National Planning,Foreign,Conservative ,,,,,
TRUE,Middle East and North Africa,North Africa,Egypt,Institute of Statistical Studies and Research,Government ,Conservative ,,,,,
TRUE,Middle East and North Africa,North Africa,Egypt,Interntional Center for future and strategic Studies ,University,Non-partisian,,,,,
TRUE,Middle East and North Africa,North Africa,Egypt,Israel Academic Center In Cairo,Independent,Non-partisan ,,,,,
TRUE,Middle East and North Africa,North Africa,Egypt,Land Center for Human Rights,University ,Liberal,,,,,
TRUE,Middle East and North Africa,North Africa,Egypt,Maritime Research and Consultation Center,Independent,Liberal,,,,,
TRUE,Middle East and North Africa,North Africa,Egypt,Middle East Research Center and Future Studies at Ain Shams University,Independent,Non-partisian,,,,,
TRUE,Middle East and North Africa,North Africa,Egypt,Nzara Center for Feminist Studies ,University,Conservative ,,,,,
TRUE,Middle East and North Africa,North Africa,Egypt,New Civic Forum,Independent,Liberal ,,,,,
TRUE,Middle East and North Africa,North Africa,Egypt,Population Council,Independent,Liberal ,,,,,
TRUE,Middle East and North Africa,North Africa,Egypt,Public Administration Research and Consultation Center,Independent ,Non-partisian,,,,,
TRUE,Middle East and North Africa,North Africa,Egypt,Social Research Center,University,Non-partisian,,,,,
TRUE,Middle East and North Africa,Near East,Iran,Agricultural Biotechnology Research Institute of Iran,Independent,non-partisan,,,,,
TRUE,Middle East and North Africa,Near East,Iran,Agricultural Research  Education and Extension Organization,Government ,conservative,,,,,
TRUE,Middle East and North Africa,Near East,Iran,Alborz Observatory,University,non-partisan,,,,,
TRUE,Middle East and North Africa,Near East,Iran,Asef Think Tank,Independent,non-partisan,,,,,
TRUE,Middle East and North Africa,Near East,Iran,Avicenna Research Institute (ARI) ,University,liberal,,,,,
TRUE,Middle East and North Africa,Near East,Iran,Center for Reliability Research (CRR),Independent,non-partisan,,,,,
TRUE,Middle East and North Africa,Near East,Iran,Center for Strategic Research,Government,conservative,,,,,
TRUE,Middle East and North Africa,Near East,Iran,Center for Sustainable Development and Environment,Independent,non-partisan,,,,,
TRUE,Middle East and North Africa,Near East,Iran,Center for Technology Studies (CTS),University,liberal,,,,,
TRUE,Middle East and North Africa,Near East,Iran,Chemistry and Chemical Engineering Institute of Iran,University,liberal,,,,,
TRUE,Middle East and North Africa,Near East,Iran,Economical and Industrial Studies research Center,University,non-partisan,,,,,
TRUE,Middle East and North Africa,Near East,Iran,French Institute of Iranian Research,Independent,non-partisan,,,,,
TRUE,Middle East and North Africa,Near East,Iran,Hamyaran Iran NGO Resource Center,Independent,non-partisan,,,,,
TRUE,Middle East and North Africa,Near East,Iran,Industrial Development and Renovation Organization of Iran (IDRO),Government,conservative,,,,,
TRUE,Middle East and North Africa,Near East,Iran,Institute of Biochemistry and Biophysics,University,non-partisan,,,,,
TRUE,Middle East and North Africa,Near East,Iran,Institute for Advanced Research in Planning and Development,Government,conservative,,,,,
TRUE,Middle East and North Africa,Near East,Iran,Institute for Humanities and Cultural Studies,Governmental ,conservative,,,,,
TRUE,Middle East and North Africa,Near East,Iran,Institute for International Energy Studies,Government,conservative,,,,,
TRUE,Middle East and North Africa,Near East,Iran,Institute for Management and Planning Studies,Government,conservative,,,,,
TRUE,Middle East and North Africa,Near East,Iran,Institute for Middle East Strategic Studies ,University ,non-partisan,,,,,
TRUE,Middle East and North Africa,Near East,Iran,Institute for Political and International Studies,Government,conservative,,,,,
TRUE,Middle East and North Africa,Near East,Iran,Institute for Research in Fundemental Sciences,Governmental,conservative,,,,,
TRUE,Middle East and North Africa,Near East,Iran,Institute for Research in Planning and Development,University,conservative liberal,,,,,
TRUE,Middle East and North Africa,Near East,Iran,Institute for Trade Studies and Research,Government,conservative,,,,,
TRUE,Middle East and North Africa,Near East,Iran,Institute for Women's Studies and Research,Independent,liberal,,,,,
TRUE,Middle East and North Africa,Near East,Iran,Institute of Iranian Contemporary Historical Studies,Independent,liberal,,,,,
TRUE,Middle East and North Africa,Near East,Iran,Institute of Standards and Industrial Research,Government,conservative,,,,,
TRUE,Middle East and North Africa,Near East,Iran,Institute of Water & Energy,University,non-partisan,,,,,
TRUE,Middle East and North Africa,Near East,Iran,International Institute for Caspian Studies,Independent,non-partisan,,,,,
TRUE,Middle East and North Africa,Near East,Iran,International Institute of Seismology and Earthquake Engineering (IIEES),Governmental,conservative,,,,,
TRUE,Middle East and North Africa,Near East,Iran,Iran Center for Management Studies,University ,non-partisan,,,,,
TRUE,Middle East and North Africa,Near East,Iran,Iran Centre for Industrial Research and Development,Government ,conservative,,,,,
TRUE,Middle East and North Africa,Near East,Iran,Iran Management and Productivity Study Center,University ,non-partisan,,,,,
TRUE,Middle East and North Africa,Near East,Iran,Iran Polymer and Petrochemical Institute,Government ,conservative,,,,,
TRUE,Middle East and North Africa,Near East,Iran,Iran Review,Independent,non-partisan,,,,,
TRUE,Middle East and North Africa,Near East,Iran,Iran Telecommunications Research Center (ITRC),Government ,conservative,,,,,
TRUE,Middle East and North Africa,Near East,Iran,Iranian Engineering Development Company,Independent,non-partisan,,,,,
TRUE,Middle East and North Africa,Near East,Iran,Iranian Fisheries Research Organisation,Independent,non-partisan,,,,,
TRUE,Middle East and North Africa,Near East,Iran,Iranian Research Institute for Information Science & Technology,Government,conservative,,,,,
TRUE,Middle East and North Africa,Near East,Iran,Iranian Research Organization for Science and Technology,Government,conservative,,,,,
TRUE,Middle East and North Africa,Near East,Iran,Iranian Society For Human Resource Society,Independent,non-partisan,,,,,
TRUE,Middle East and North Africa,Near East,Iran,Islamic Parliament Research Center,Government ,conservative,,,,,
TRUE,Middle East and North Africa,Near East,Iran,Magfa Information Technology Development Center,Government ,conservative,,,,,
TRUE,Middle East and North Africa,Near East,Iran,National Institute of Genetic Engineering and Biotechnology,Government ,conservative,,,,,
TRUE,Middle East and North Africa,Near East,Iran,National Research Institute for Science Policy,Government,conservative,,,,,
TRUE,Middle East and North Africa,Near East,Iran,Neda Institute for Scientific-Political Research,Government,conservative,,,,,
TRUE,Middle East and North Africa,Near East,Iran,Niroo Research Institute,Governmental,non-partisan,,,,,
TRUE,Middle East and North Africa,Near East,Iran,Pasteur Institute of Iran  ,Governmental ,conservative,,,,,
TRUE,Middle East and North Africa,Near East,Iran,Ravand Institute for Economic and International Studies,Independent,non-partisan,,,,,
TRUE,Middle East and North Africa,Near East,Iran,Research Center for Marine Engineering,University,Science,,,,,
TRUE,Middle East and North Africa,Near East,Iran,Research Center for Nano Science and Technology(NSTRC),University,Science,,,,,
TRUE,Middle East and North Africa,Near East,Iran,Research Center of Petroleum Industry,Governmental,Science,,,,,
TRUE,Middle East and North Africa,Near East,Iran,Research Institute of  Hawzah and University,University,non-partisan,,,,,
TRUE,Middle East and North Africa,Near East,Iran,Research Institute of Petroleum Industry,University,Science,,,,,
TRUE,Middle East and North Africa,Near East,Iran,Research Institute of Strategic Studies,University,Science,,,,,
TRUE,Middle East and North Africa,Near East,Iran,Rice Research Institute of Iran,University,Science,,,,,
TRUE,Middle East and North Africa,Near East,Iran,Road  Housing and Urban Development Research Center,Government ,conservative,,,,,
TRUE,Middle East and North Africa,Near East,Iran,Sharif Applied Physics Research Center,University,non-partisan,,,,,
TRUE,Middle East and North Africa,Near East,Iran,Sharif Energy Research Institute (SERI),University,non-partisan,,,,,
TRUE,Middle East and North Africa,Near East,Iran,Sharif Think-Tank,University,non-partisan,,,,,
TRUE,Middle East and North Africa,Near East,Iran,Soil Conservation and Watershed Management Research Center,University,Science,,,,,
TRUE,Middle East and North Africa,Near East,Iran,The Biochemical and Bioenvironmental Eng. Research Center (BBRC),University,Science,,,,,
TRUE,Middle East and North Africa,Near East,Iran,The Electronics Research Institute at Sharif University of Technology (ERI),University,non-partisan,,,,,
TRUE,Middle East and North Africa,Near East,Iran,The Institute for Iran-Eurasia,Independent,non-partisan,,,,,
TRUE,Middle East and North Africa,Middle East,Israel,Palestinian Academic Society for the Study of International Affairs,Independent,Non-Partisan,,,,,
TRUE,Middle East and North Africa,Middle East,Israel,Adalah - The Legal Center for Arab Minority Rights in Israel,Independent,Liberal,,,,,
TRUE,Middle East and North Africa,Middle East,Israel,Adva Center,Foreign,Non-Partisan,,,,,
TRUE,Middle East and North Africa,Middle East,Israel,AIX-Group,Independent,Liberal,,,,,
TRUE,Middle East and North Africa,Middle East,Israel,Applied Research Institute- Jerusalem/Society,Independent,Conservative ,,,,,
TRUE,Middle East and North Africa,Middle East,Israel,Arab Studies Society,Foreign ,Conservative ,,,,,
TRUE,Middle East and North Africa,Middle East,Israel,Arava Institute for Environmental Studies,Government,Liberal,,,,,
TRUE,Middle East and North Africa,Middle East,Israel,Ariel Center for Policy Research,Independent,Non-Partisan,,,,,
TRUE,Middle East and North Africa,Middle East,Israel,B’Tselem-The Israeli Information Center for Human Rights in the Occupied Territories,Foreign,Liberal,,,,,
TRUE,Middle East and North Africa,Middle East,Israel,Begin-Sadat Center for Strategic Studies,Independent,Non-Partisan,,,,,
TRUE,Middle East and North Africa,Middle East,Israel,Center for Agricultural Economic Research,University,Liberal,,,,,
TRUE,Middle East and North Africa,Middle East,Israel,Center for Jewish-Arab Economic Development,Independent,Non-Partisan,,,,,
TRUE,Middle East and North Africa,Middle East,Israel,Chaim Herzog Center for Middle East Studies and Diplomacy,University,Liberal,,,,,
TRUE,Middle East and North Africa,Middle East,Israel,EconomicCooperation Foundation,Independent,Conservative,,,,,
FALSE,Middle East and North Africa,Middle East,Israel,Economic Research Institute,Independent,,,,,,
TRUE,Middle East and North Africa,Middle East,Israel,Floersheimer Studies: The Institute of Urban and Regional Studies,University,Non-Partisan,,,,,
TRUE,Middle East and North Africa,Middle East,Israel,Geophysical Institute of Israel,Independent,Liberal,,,,,
TRUE,Middle East and North Africa,Middle East,Israel,Givat Haviva,Government,Conservative,,,,,
TRUE,Middle East and North Africa,Middle East,Israel,Harry S. Truman Research Institute for the Advancement of Peace,University,Liberal,,,,,
TRUE,Middle East and North Africa,Middle East,Israel,Helmut Kohl Institute for European Studies,University,Liberal,,,,,
TRUE,Middle East and North Africa,Middle East,Israel,Henrietta Szold Institute - The National Institute for Research in the Behavioral Sciences,Independent,Non-Partisan,,,,,
TRUE,Middle East and North Africa,Middle East,Israel,Info-Prod Research (Middle East) Ltd.,Independent,Non-Partisan,,,,,
TRUE,Middle East and North Africa,Middle East,Israel,Institute for Advanced Strategic and Political Studies,Foreign,Conservative,,,,,
TRUE,Middle East and North Africa,Middle East,Israel,Institute for National Security Studies,University ,Liberal,,,,,
TRUE,Middle East and North Africa,Middle East,Israel,Institute for Policy and Strategy,University,Liberal,,,,,
TRUE,Middle East and North Africa,Middle East,Israel,Interdisciplinary Center for Technology Analysis and Forecasting,University,Liberal,,,,,
TRUE,Middle East and North Africa,Middle East,Israel,International Institute for Counter-Terrorism   IDC Herzliya,University ,Conservative,,,,,
TRUE,Middle East and North Africa,Middle East,Israel,Israel Center for Social and Economic Progress,Independent,Conservative,,,,,
TRUE,Middle East and North Africa,Middle East,Israel,Israel Center for Third Sector Research,University,Liberal,,,,,
TRUE,Middle East and North Africa,Middle East,Israel,Israel Democracy Institute,Independent,Non-Partisan,,,,,
TRUE,Middle East and North Africa,Middle East,Israel,Israel-Palestine Center for Research and Information,Independent,Liberal,,,,,
TRUE,Middle East and North Africa,Middle East,Israel,Jabotinsky Institute,University,Non-Partisan,,,,,
TRUE,Middle East and North Africa,Middle East,Israel,Jaffee Center for Strategic Studies (JCSS),University,Liberal,,,,,
TRUE,Middle East and North Africa,Middle East,Israel,Jerusalem Center for Public Affairs,Independent,Liberal,,,,,
TRUE,Middle East and North Africa,Middle East,Israel,Jerusalem Institute for Israel Studies,Independent,Conservative,,,,,
TRUE,Middle East and North Africa,Middle East,Israel,Jerusalem Institute for Market Studies,Independent,Liberal,,,,,
TRUE,Middle East and North Africa,Middle East,Israel,Jewish Arab Center,University,Conservative,,,,,
TRUE,Middle East and North Africa,Middle East,Israel,Jewish People Policy Institute,Independent,Liberal,,,,,
TRUE,Middle East and North Africa,Middle East,Israel,Kohelet Policy Forum,Independent,Non-Partisan,,,,,
TRUE,Middle East and North Africa,Middle East,Israel,Leonard Davis Institute for International Relations,University ,Non-Partisan,,,,,
TRUE,Middle East and North Africa,Middle East,Israel,Mada al-Carmel - Arab Center for Applied Social Research,Independent,Conservative,,,,,
TRUE,Middle East and North Africa,Middle East,Israel,Maurice Falk Institute for Economic Research in Israel Ltd.,University,Conservative,,,,,
TRUE,Middle East and North Africa,Middle East,Israel,Middle East Business and Economic Research Institute - The Interdisciplinary Center,University,Non-Partisan,,,,,
TRUE,Middle East and North Africa,Middle East,Israel,Moreshet  Mordechai Anielevich Memorial Holocaust Study and Research center,Independent,Non-Partisan,,,,,
TRUE,Middle East and North Africa,Middle East,Israel,Moshe Dayan Center for Middle Eastern and African Studies,University ,Conservative,,,,,
TRUE,Middle East and North Africa,Middle East,Israel,Myers-JDC- Brookdale Institute,Independent,Conservative,,,,,
TRUE,Middle East and North Africa,Middle East,Israel,National Building Research Institute,Government,Non-Partisan,,,,,
TRUE,Middle East and North Africa,Middle East,Israel,National Security Studies Center,University ,Liberal,,,,,
TRUE,Middle East and North Africa,Middle East,Israel,Peres Center for Peace,Independent,Conservative,,,,,
TRUE,Middle East and North Africa,Middle East,Israel,Reut Institute,Independent,Non-Partisan,,,,,
TRUE,Middle East and North Africa,Middle East,Israel,Rubin Center Research in International Affairs,University ,Conservative,,,,,
TRUE,Middle East and North Africa,Middle East,Israel,Samuel Neaman Institute for Advanced Studies in Science and Technology,Independent,Conservative,,,,,
TRUE,Middle East and North Africa,Middle East,Israel,Shalem College,University,Non-Partisan,,,,,
TRUE,Middle East and North Africa,Middle East,Israel,Shalom Hartman Institute,University,Liberal,,,,,
TRUE,Middle East and North Africa,Middle East,Israel,Stephen and Nancy Grand Water Research Institute,Government,Conservative,,,,,
TRUE,Middle East and North Africa,Middle East,Israel,Tami Steinmetz Center for Peace Research,University,Liberal,,,,,
TRUE,Middle East and North Africa,Middle East,Israel,Taub Center for Social Policy Studies in Israel,Independent,Non-Partisan,,,,,
TRUE,Middle East and North Africa,Middle East,Israel,The Heschel Center for Sustainability,Independent,Conservative ,,,,,
TRUE,Middle East and North Africa,Middle East,Israel,The Macro Center for Political Economics,Independent,Liberal,,,,,
TRUE,Middle East and North Africa,Middle East,Israel,The Yitzhak Rabin Center,Independent,Conservative,,,,,
TRUE,Middle East and North Africa,Middle East,Israel,Van Leer Jerusalem Institute,Independent,Conservative ,,,,,
TRUE,Middle East and North Africa,Middle East,Israel,Wi'am: Palestinian Conflict & Transformation Center,Independent,Liberal,,,,,
TRUE,Middle East and North Africa,Middle East,Israel,Institute for Zionist Strategy,Independent,Conservative,,,,,
TRUE,Middle East and North Africa,Middle East,Israel,Israel Council on Foriegn Relations,Independent,Non-Partisan,,,,,
TRUE,Middle East and North Africa,Middle East,Israel,Mitvim: The Israeli Institute for Regional Foriegn Policies,Independent,Liberal,,,,,
TRUE,Middle East and North Africa,Middle East,Israel,Molad: The Center for the Renewal of Israeli Democracy ,Independent,Non-Partisan,,,,,
TRUE,Middle East and North Africa,Middle East,Israel,Shaharit,Independent,Conservative ,,,,,
TRUE,Middle East and North Africa,Levant,Jordan,Academic Center for Political Studies,Independent,conservative,,,,,
TRUE,Middle East and North Africa,Levant,Jordan,Al-Quds Center for Political Studies,Independent University,liberal,,,,,
TRUE,Middle East and North Africa,Levant,Jordan,Al-Urdun Al-Jadid Research Center,Independent,liberal,,,,,
TRUE,Middle East and North Africa,Levant,Jordan,Amman Centre for Human Rights Studies,Independent Foreign,liberal,,,,,
FALSE,Middle East and North Africa,Levant,Jordan,Arab Archives Institute,,,,,,,
TRUE,Middle East and North Africa,Levant,Jordan,Arab Insititute for Security Studies,Government,liberal,,,,,
TRUE,Middle East and North Africa,Levant,Jordan,Arab Thought Forum, Independent Corporate,conservative,,,,,
FALSE,Middle East and North Africa,Levant,Jordan,Center for Israel Studies,Independent,,,,,,
TRUE,Middle East and North Africa,Levant,Jordan,Centre for Strategic Studies,University Foreign,liberal,,,,,
TRUE,Middle East and North Africa,Levant,Jordan,Friedrich Naumann Foundation for Liberty Amman,Foreign,liberal,,,,,
TRUE,Middle East and North Africa,Levant,Jordan,Identity Center,Independent,liberal,,,,,
FALSE,Middle East and North Africa,Levant,Jordan,Jordan Center for Public Policy Research and Dialogue,,,,,,,
FALSE,Middle East and North Africa,Levant,Jordan,Jordan Development Center,,,,,,,
FALSE,Middle East and North Africa,Levant,Jordan,Jordan Economic Development Association,,,,,,,
FALSE,Middle East and North Africa,Levant,Jordan,Jordan Institute of Diplomacy,,,,,,,
TRUE,Middle East and North Africa,Levant,Jordan,King Hussein Foundation,Government,non-partisan,,,,,
FALSE,Middle East and North Africa,Levant,Jordan,Middle East Studies Center,Independent,,,,,,
TRUE,Middle East and North Africa,Levant,Jordan,National Center for Human Resources Development,Government,non-partisan,,,,,
FALSE,Middle East and North Africa,Levant,Jordan,Regional Human Security Centre,,,,,,,
TRUE,Middle East and North Africa,Levant,Jordan,Royal Institute for Inter-Faith Studies,Foreign,liberal,,,,,
TRUE,Middle East and North Africa,Levant,Jordan,Royal Islamic Strategic Studies Centre,Religious,conservative,,,,,
TRUE,Middle East and North Africa,Levant,Jordan,Royal Scientific Society,Government,non-partisan,,,,,
TRUE,Middle East and North Africa,Levant,Jordan,The Higher Council for Science and Technology,Government,non-partisan,,,,,
TRUE,Middle East and North Africa,Levant,Jordan,The Regional Center on Agrarian Reform and Rural Development for the Near East,Foreign,non-partisan,,,,,
TRUE,Middle East and North Africa,Levant,Jordan,Think Tank for Arab Women,Independent,non-partisan,,,,,
TRUE,Middle East and North Africa,Levant,Jordan,West Asia North Africa (WANA) Institute,Government,liberal,,,,,
TRUE,Middle East and North Africa,Gulf,Kuwait,Arab Planning Institute,Independent,non-partisan,,,,,
TRUE,Middle East and North Africa,Gulf,Kuwait,Center for Research and Studies on Kuwait,Government,conservative,,,,,
FALSE,Middle East and North Africa,Gulf,Kuwait,Center for Strategic and Future Studies,,,,,,,
FALSE,Middle East and North Africa,Gulf,Kuwait,Center of Gulf and Arabian Peninsula Studies,,,,,,,
FALSE,Middle East and North Africa,Gulf,Kuwait,Diplomatic Center for Strategic Studies,,,,,,,
FALSE,Middle East and North Africa,Gulf,Kuwait,Gulf Arab States Educational Research Centre,,,,,,,
TRUE,Middle East and North Africa,Gulf,Kuwait,Gulf Centre for Development Policies,Foreign,non-partisan,,,,,
TRUE,Middle East and North Africa,Gulf,Kuwait,International Union for Conservation of Nature and Natural Resources (IUCN),,liberal,,,,,
TRUE,Middle East and North Africa,Gulf,Kuwait,Kuwait Center for Strategic and Future Studies,,,,,,,
TRUE,Middle East and North Africa,Gulf,Kuwait,Kuwait Centre for Strategic Studies,,,,,,,
TRUE,Middle East and North Africa,Gulf,Kuwait,Kuwait Institute for Scientific Research,Corporate,non-partisan,,,,,
TRUE,Middle East and North Africa,Gulf,Kuwait,Kuwait Institute of Banking Studies,University,liberal,,,,,
FALSE,Middle East and North Africa,Gulf,Kuwait,Kuwait Transparency Society,,,,,,,
TRUE,Middle East and North Africa,Gulf,Kuwait,Pan Arab Research Centre,Corporate,conservative,,,,,
TRUE,Middle East and North Africa,Gulf,Kuwait,Rai Institute for Strategic Studies and Research,Independent,liberal,,,,,
TRUE,Middle East and North Africa,Levant,Lebanon,Arab Council for Social Sciences,Independent,conservative,,,,,
TRUE,Middle East and North Africa,Levant,Lebanon,Arab NGO Network for Development,Independent,liberal,,,,,
TRUE,Middle East and North Africa,Levant,Lebanon,Arab Studies Institute,Independent,non-partisan,,,,,
TRUE,Middle East and North Africa,Levant,Lebanon,Arab Thought Foundation,Independent,conservative,,,,,
TRUE,Middle East and North Africa,Levant,Lebanon,Beirut Institute,Independent,liberal,,,,,
TRUE,Middle East and North Africa,Levant,Lebanon,Carnegie Middle East Center,Independent,liberal,,,,,
TRUE,Middle East and North Africa,Levant,Lebanon,Center for Arab Unity Studies,Independent,conservative,,,,,
TRUE,Middle East and North Africa,Levant,Lebanon,Center for Lebanese Studies,Independent,liberal,,,,,
FALSE,Middle East and North Africa,Levant,Lebanon,Center for Research and Education on Democracy,,,,,,,
FALSE,Middle East and North Africa,Levant,Lebanon,Center for Strategic Studies Research and Documentation,,,,,,,
TRUE,Middle East and North Africa,Levant,Lebanon,Collective for Research and Training on Development,Independent,liberal,,,,,
TRUE,Middle East and North Africa,Levant,Lebanon,Consultative Center for Studies and Documentation,Independent,non-partisan,,,,,
TRUE,Middle East and North Africa,Levant,Lebanon,Institut Français du Proche Orient,Government,liberal,,,,,
TRUE,Middle East and North Africa,Levant,Lebanon,Institute for Palestine Studies,Independent,non-partisan,,,,,
TRUE,Middle East and North Africa,Levant,Lebanon,Institute of Financial Economics,University,liberal,,,,,
TRUE,Middle East and North Africa,Levant,Lebanon,International Center for Agricultural Research in Dry Areas (ICARDA),Independent,liberal,,,,,
TRUE,Middle East and North Africa,Levant,Lebanon,Issam Fares Institute for Public Policy & International Affairs,University,conservative,,,,,
TRUE,Middle East and North Africa,Levant,Lebanon,Lebanese Association for Educational Studies,Independent,liberal,,,,,
TRUE,Middle East and North Africa,Levant,Lebanon,Lebanese Center for Policy Studies,Independent,non-partisan,,,,,
TRUE,Middle East and North Africa,Levant,Lebanon,Lebanese Institute for Social and Economic Development,Independent,liberal,,,,,
FALSE,Middle East and North Africa,Levant,Lebanon,Levant Institute for Strategic Affairs,,,,,,,
TRUE,Middle East and North Africa,Levant,Lebanon,Orient-Institute Beirut,Government,liberal,,,,,
TRUE,Middle East and North Africa,Levant,Lebanon,Rene Moawad Foundation,Foreign,liberal,,,,,
FALSE,Middle East and North Africa,Levant,Lebanon,Studies and Research Center on the Contemporary Middle East,University,,,,,,
TRUE,Middle East and North Africa,Levant,Lebanon,UMAM Documentation and Research (UMAM D&R),Independent,liberal,,,,,
TRUE,Middle East and North Africa,Levant,Lebanon,United Nations Economic and Social Commision for Western Asia,Foreign,liberal,,,,,
TRUE,Middle East and North Africa,Gulf,Oman,Agricultural Production Research Centre,,,,,,,
FALSE,Middle East and North Africa,Gulf,Oman,International Research Foundation (IRF),,,,,,,
FALSE,Middle East and North Africa,Gulf,Oman,Tawasul,Independent,non-partisan,,,,,
TRUE,Middle East and North Africa,Middle East,Turkey,3H Movement,Independent,Liberal,,,,,
TRUE,Middle East and North Africa,Middle East,Turkey,21st Century Turkey Institute,Governmental,Nonpartisan,,,,,
TRUE,Middle East and North Africa,Middle East,Turkey,American Research Institute in Turkey,Independent,Liberal,,,,,
FALSE,Middle East and North Africa,Middle East,Turkey,Ankara Center for Turkish Policy Studies,,,,,,,
FALSE,Middle East and North Africa,Middle East,Turkey,Ankara Policy Center,,,,,,,
TRUE,Middle East and North Africa,Middle East,Turkey ,Association for Liberal Thinking,Independent,Liberal,,,,,
TRUE,Middle East and North Africa,Middle East,Turkey ,Bahcesehir University Center for Economic and Social Research,University,Liberal,,,,,
FALSE,Middle East and North Africa,Middle East,Turkey ,Bati Akdeniz Agricultural Research Institute,Government ,,,,,,
FALSE,Middle East and North Africa,Middle East,Turkey ,Center for Economic  Political and Strategic Research,Independent,,,,,,
FALSE,Middle East and North Africa,Middle East,Turkey ,Center for Economics and Econometrics,University ,,,,,,
FALSE,Middle East and North Africa,Middle East,Turkey ,Center for Economics and Foreign Policy Studies,Independent,,,,,,
TRUE,Middle East and North Africa,Middle East,Turkey ,Center for Eurasian Strategic Studies,Independent,Conservative ,,,,,
FALSE,Middle East and North Africa,Middle East,Turkey ,Center for Eurasian Studies,Independent,,,,,,
FALSE,Middle East and North Africa,Middle East,Turkey ,Center for Mediterranean Studies,Independent,,,,,,
FALSE,Middle East and North Africa,Middle East,Turkey ,Center for Research on Societal Problems,,,,,,,
FALSE,Middle East and North Africa,Middle East,Turkey,Center for Strategic Communication,Governmental,,,,,,
FALSE,Middle East and North Africa,MIddle East,Turkey ,Center for Strategic Research,Government ,,,,,,
TRUE,Middle East and North Africa,Middle East,Turkey ,Centre for Economic Research on Mediterranean Countries, Corporate,Liberal,,,,,
FALSE,Middle East and North Africa,Middle East,Turkey ,Centre for Middle Eastern Strategic Studies,Independent,,,,,,
TRUE,Middle East and North Africa,Middle East,Turkey ,Centre of Excellence Defence Against Terrorism,Foreign,Liberal,,,,,
FALSE,Middle East and North Africa,Middle East,Turkey ,Corporate Governce Association of Turkey,Independent, ,,,,,
TRUE,Middle East and North Africa,Middle East,Turkey ,Corporate Governce Forum of Turkey,University,Liberal,,,,,
TRUE,Middle East and North Africa,Middle East,Turkey ,Cyprus Policy Center,University ,Liberal,,,,,
FALSE,Middle East and North Africa,Middle East,Turkey ,Delegation of the European Union to Turkey,Government ,,,,,,
FALSE,Middle East and North Africa,Middle East,Turkey ,Economic Policy Research Foundation of Turkey,Independent,,,,,,
FALSE,Middle East and North Africa,Middle East,Turkey ,Economic Research Center,University,,,,,,
TRUE,Middle East and North Africa,Middle East,Turkey,Education Reform Initiative,Independent,Liberal,,,,,
TRUE,Middle East and North Africa,Middle East,Turkey ,European Stability Initiative (ESI),Governmental ,,,,,,
TRUE,Middle East and North Africa,Middle East,Turkey,Foundation for Poltical  Economic  and Social Research (SETA),Independent,,,,,,
TRUE,Middle East and North Africa,Middle East,Turkey,Freedom Research Association,Independent,,,,,,
TRUE,Middle East and North Africa,Middle East,Turkey ,Friedrich Ebert Stiftung Turkey Office,Independent ,Liberal,,,,,
FALSE,Middle East and North Africa,Middle East,Turkey ,Global Political Trends Center at Istanbul Kultur University,University ,,,,,,
TRUE,Middle East and North Africa,Middle East,Turkey ,Global Relations Forum,Independent,Liberal,,,,,
FALSE,Middle East and North Africa,Middle East,Turkey ,Institute for Armenian Research,Independent,,,,,,
FALSE,Middle East and North Africa,Middle East,Turkey ,International Strategic Research Organization, , ,,,,,
FALSE,Middle East and North Africa,Middle East,Turkey ,Istanbul Policy Center at Sabanci University,University ,,,,,,
TRUE,Middle East and North Africa,Middle East,Turkey ,KONRAD-ADENAUER-STIFTUNG Turkey Office,Governmental,Non-Partisan,,,,,
TRUE,Middle East and North Africa,Middle East,Turkey ,Social Policy Reform,University ,Liberal,,,,,
FALSE,Middle East and North Africa,Middle East,Turkey ,Society and Democracy Association,,,,,,,
FALSE,Middle East and North Africa,Middle East,Turkey ,Statistical  Economic and Social Research and Training Centre for Islamic Countries,Cooperation,,,,,,
FALSE,Middle East and North Africa,Middle East,Turkey ,THE UNION OF NGOs OF THE ISLAMIC WORLD,Independet,,,,,,
FALSE,Middle East and North Africa,Middle East,Turkey ,Thrace Agricultural Research Institute,Government ,,,,,,
FALSE,Middle East and North Africa,Middle East,Turkey ,Turkish Asian Center for Strategic Studies,Independent,,,,,,
FALSE,Middle East and North Africa,Middle East,Turkey ,Turkish Centre for International Relations & Strategic Alysis,Independent,,,,,,
FALSE,Middle East and North Africa,Middle East,Turkey ,Turkish Economic and Social Studies Foundation,Independent,,,,,,
FALSE,Middle East and North Africa,Middle East,U.A.E.,Turkish Foreign Policy Institute,Independent,,,,,,
FALSE,Middle East and North Africa,Middle East,U.A.E.,Baghdad Institute,Independent,,,,,,
FALSE,Middle East and North Africa,Middle East,U.A.E.,B'Huth  Dubai Public Policy Research Center,Independent,,,,,,
FALSE,Middle East and North Africa,Middle East,U.A.E.,Mohamed Bin Rashid School of Government,Independent,,,,,,
FALSE,Middle East and North Africa,Middle East,U.A.E.,Emirates Center for Strategic Studies and Research,Government ,,,,,,
TRUE,Middle East and North Africa,Middle East,U.A.E.,Emirates Policy Center,Independent,Liberal,,,,,
FALSE,Middle East and North Africa,Middle East,U.A.E.,Gulf Research Center,Independent,,,,,,
FALSE,Middle East and North Africa,Middle East,U.A.E.,Institute for International Research Middle East,Independent,,,,,,
FALSE,Middle East and North Africa,Middle East,U.A.E.,Sheikh Saud Bin Saqr Al Qasimi Foundation for Policy Research,Foreign,,,,,,
FALSE,Middle East and North Africa,North Africa,Algeria,Algerian Association for Family Planning,,,,,,,
FALSE,Middle East and North Africa,North Africa,Algeria,Centre of Research for Scientific and Technical Information,Independent,,,,,,
FALSE,Middle East and North Africa,North Africa,Algeria,National Agency for the Development of Research in Public Health,,,,,,,
FALSE,Middle East and North Africa,North Africa,Algeria,National Centre for the Study and Analysis of Population and Development,Independent,,,,,,
FALSE,Middle East and North Africa,North Africa,Algeria,National Centre of Research in Social and Cultural Anthropology,Independent,,,,,,
FALSE,Middle East and North Africa,North Africa,Algeria,National Institute for Global Strategic Studies,Independent,,,,,,
FALSE,Middle East and North Africa,North Africa,Algeria,North-South Ventures,Independent,,,,,,
FALSE,Middle East and North Africa,North Africa,Algeria,Research Center for Applied Economics for Development,Independent,,,,,,
FALSE,Middle East and North Africa,North Africa,Algeria,The National Agency for the Development of Academic Research,,,,,,,
FALSE,Middle East and North Africa,North Africa,Libya,International Energy Foundation,Independent,,,,,,
FALSE,Middle East and North Africa,North Africa,Libya,Sadeq Institute,Independent,,,,,,
TRUE,Middle East and North Africa,North Africa,Tunisia,Arab Institute of Business Leaders,Independent,Liberal,,,,,
TRUE,Middle East and North Africa,North Africa,Tunisia,Association for International Studies,Independent,Liberal,,,,,
TRUE,Middle East and North Africa,North Africa,Tunisia,Association of Arab Institutes and Centres for Economic and Social Development Research,Independent,Non-partisian ,,,,,
TRUE,Middle East and North Africa,North Africa,Tunisia,Association of Tunisian Women for Research on Development,Independent,Liberal,,,,,
TRUE,Middle East and North Africa,North Africa,Tunisia,Center for Maghrib Studies in Tunis,Independent,Liberal ,,,,,
TRUE,Middle East and North Africa,North Africa,Tunisia,Center for Strategic and Diplomatic Studies ,Independent,Liberal,,,,,
TRUE,Middle East and North Africa,North Africa,Tunisia,Center for Economic and Social Studies Research ,Independent,Liberal ,,,,,
TRUE,Middle East and North Africa,North Africa,Tunisia,Center for Young Business Leaders,Independent,Liberal,,,,,
TRUE,Middle East and North Africa,North Africa,Tunisia,Center of Arab Women for Training and Research,Governmental ,Liberal,,,,,
TRUE,Middle East and North Africa,North Africa,Tunisia,Centre of Mediterranean and International Studies,University ,Liberal,,,,,
TRUE,Middle East and North Africa,North Africa,Tunisia,Institute for Contemporary Maghreb Research,Governmental,Liberal,,,,,
TRUE,Middle East and North Africa,North Africa,Tunisia,Institute of Arid Zones,Government ,Non-partisian ,,,,,
TRUE,Middle East and North Africa,North Africa,Tunisia,National Institute of Marine Science and Technology,Government ,Non-partisian,,,,,
TRUE,Middle East and North Africa,North Africa,Tunisia,The Center for Research  Study  Documentation  and Information on Women,Government ,Liberal,,,,,
TRUE,Middle East and North Africa,North Africa,Tunisia,Tunisian American Chamber of Commerce,Independent,Liberal,,,,,
TRUE,Middle East and North Africa,North Africa,Tunisia,Tunisian Institute for Strategic Studies,Governmental ,Conservative ,,,,,
TRUE,Middle East and North Africa,North Africa,Tunisia,Tunisian Institute of Competitiveness and Quantitative Studies,Government ,Non-partisian ,,,,,
TRUE,Middle East and North Africa,North Africa,Tunisia,Tunisian Observatory for the democratic transition (OTTD),Independent,Liberal,,,,,
TRUE,Middle East and North Africa,North Africa,Tunisia,El Taller,Independent,Liberal ,,,,,
TRUE,Middle East and North Africa,North Africa,Tunisia,Institut de Recherche pour Developpement,Government ,Liberal ,,,,,
